feed_id,method_id,pollutant_averaging,pollutant_id,pollutant_unit,pollutant_update-time,pollutant_value,station_id
MXMEX-20151211815,MXMEX-PM10-1993,1,PM10,ug/m3,2015-12-11T08:00:00,99.63985594237695,MXMEX-ACO
MXMEX-20151211815,MXMEX-PM10-1993,1,Temp,C,2015-12-11T08:00:00,6.4,MXMEX-ACO
MXMEX-20151211815,MXMEX-PM10-1993,1,Hum,%,2015-12-11T08:00:00,89,MXMEX-ACO
MXMEX-20151211815,MXMEX-PM10-1993,1,PM10,ug/m3,2015-12-11T08:00:00,109.2436974789916,MXMEX-ATI
MXMEX-20151211815,MXMEX-PM10-1993,1,PM10,ug/m3,2015-12-11T08:00:00,126.0,MXMEX-CHO
MXMEX-20151211815,MXMEX-PM10-1993,1,Temp,C,2015-12-11T08:00:00,6.2,MXMEX-CHO
MXMEX-20151211815,MXMEX-PM10-1993,1,Hum,%,2015-12-11T08:00:00,84,MXMEX-CHO
MXMEX-20151211815,MXMEX-NOx-1993,1,NO2,ppb,2015-12-11T08:00:00,46.199999999999996,MXMEX-COY
MXMEX-20151211815,MXMEX-PM10-1993,1,PM10,ug/m3,2015-12-11T08:00:00,85.23409363745499,MXMEX-CUA
MXMEX-20151211815,MXMEX-PM10-1993,1,Temp,C,2015-12-11T08:00:00,10.5,MXMEX-CUA
MXMEX-20151211815,MXMEX-PM10-1993,1,Hum,%,2015-12-11T08:00:00,57,MXMEX-CUA
MXMEX-20151211815,MXMEX-PM10-1993,1,PM10,ug/m3,2015-12-11T08:00:00,144.0,MXMEX-CUT
MXMEX-20151211815,MXMEX-PM10-1993,1,Temp,C,2015-12-11T08:00:00,3.6,MXMEX-CUT
MXMEX-20151211815,MXMEX-PM10-1993,1,Hum,%,2015-12-11T08:00:00,96,MXMEX-CUT
MXMEX-20151211815,MXMEX-PM10-1993,1,PM10,ug/m3,2015-12-11T08:00:00,109.2436974789916,MXMEX-FAC
MXMEX-20151211815,MXMEX-PM10-1993,1,Temp,C,2015-12-11T08:00:00,-99,MXMEX-FAC
MXMEX-20151211815,MXMEX-PM10-1993,1,Hum,%,2015-12-11T08:00:00,-99,MXMEX-FAC
MXMEX-20151211815,MXMEX-PM10-1993,1,PM10,ug/m3,2015-12-11T08:00:00,128.0,MXMEX-HGM
MXMEX-20151211815,MXMEX-PM10-1993,1,Temp,C,2015-12-11T08:00:00,11.6,MXMEX-HGM
MXMEX-20151211815,MXMEX-PM10-1993,1,Hum,%,2015-12-11T08:00:00,65,MXMEX-HGM
MXMEX-20151211815,MXMEX-PM10-1993,1,PM10,ug/m3,2015-12-11T08:00:00,120.04801920768308,MXMEX-IZT
MXMEX-20151211815,MXMEX-SO2-1993,1,SO2,ppb,2015-12-11T08:00:00,6.500000000000001,MXMEX-LLA
MXMEX-20151211815,MXMEX-PM10-1993,1,PM10,ug/m3,2015-12-11T08:00:00,148.0,MXMEX-MER
MXMEX-20151211815,MXMEX-PM10-1993,1,Hum,%,2015-12-11T08:00:00,71,MXMEX-MER
MXMEX-20151211815,MXMEX-NOx-1993,1,NO2,ppb,2015-12-11T08:00:00,27.3,MXMEX-MON
MXMEX-20151211815,MXMEX-NOx-1993,1,NO2,ppb,2015-12-11T08:00:00,35.699999999999996,MXMEX-NEZ
MXMEX-20151211815,MXMEX-PM10-1993,1,PM10,ug/m3,2015-12-11T08:00:00,122.0,MXMEX-PED
MXMEX-20151211815,MXMEX-PM10-1993,1,Temp,C,2015-12-11T08:00:00,10.7,MXMEX-PED
MXMEX-20151211815,MXMEX-PM10-1993,1,Hum,%,2015-12-11T08:00:00,73,MXMEX-PED
MXMEX-20151211815,MXMEX-PM10-1993,1,PM10,ug/m3,2015-12-11T08:00:00,130.0,MXMEX-SAG
MXMEX-20151211815,MXMEX-PM10-1993,1,Temp,C,2015-12-11T08:00:00,10.2,MXMEX-SAG
MXMEX-20151211815,MXMEX-PM10-1993,1,Hum,%,2015-12-11T08:00:00,77,MXMEX-SAG
MXMEX-20151211815,MXMEX-PM10-1993,1,PM10,ug/m3,2015-12-11T08:00:00,124.0,MXMEX-TAH
MXMEX-20151211815,MXMEX-PM10-1993,1,Temp,C,2015-12-11T08:00:00,8.8,MXMEX-TAH
MXMEX-20151211815,MXMEX-PM10-1993,1,Hum,%,2015-12-11T08:00:00,77,MXMEX-TAH
MXMEX-20151211815,MXMEX-PM10-1993,1,PM10,ug/m3,2015-12-11T08:00:00,136.0,MXMEX-TLA
MXMEX-20151211815,MXMEX-PM10-1993,1,Temp,C,2015-12-11T08:00:00,9.2,MXMEX-TLA
MXMEX-20151211815,MXMEX-PM10-1993,1,Hum,%,2015-12-11T08:00:00,64,MXMEX-TLA
MXMEX-20151211815,MXMEX-PM10-1993,1,PM10,ug/m3,2015-12-11T08:00:00,126.0,MXMEX-TLI
MXMEX-20151211815,MXMEX-NOx-1993,1,NO2,ppb,2015-12-11T08:00:00,39.9,MXMEX-UAX
MXMEX-20151211815,MXMEX-NOx-1993,1,Temp,C,2015-12-11T08:00:00,9.8,MXMEX-UAX
MXMEX-20151211815,MXMEX-NOx-1993,1,Hum,%,2015-12-11T08:00:00,80,MXMEX-UAX
MXMEX-20151211815,MXMEX-PM10-1993,1,PM10,ug/m3,2015-12-11T08:00:00,136.0,MXMEX-UIZ
MXMEX-20151211815,MXMEX-PM10-1993,1,Temp,C,2015-12-11T08:00:00,10.9,MXMEX-UIZ
MXMEX-20151211815,MXMEX-PM10-1993,1,Hum,%,2015-12-11T08:00:00,73,MXMEX-UIZ
MXMEX-20151211815,MXMEX-PM10-1993,1,PM10,ug/m3,2015-12-11T08:00:00,158.0,MXMEX-VIF
MXMEX-20151211815,MXMEX-PM10-1993,1,Temp,C,2015-12-11T08:00:00,8.2,MXMEX-VIF
MXMEX-20151211815,MXMEX-PM10-1993,1,Hum,%,2015-12-11T08:00:00,82,MXMEX-VIF
MXMEX-20151211815,MXMEX-PM10-1993,1,PM10,ug/m3,2015-12-11T08:00:00,180.0,MXMEX-XAL
MXMEX-20151211815,MXMEX-PM10-1993,1,Temp,C,2015-12-11T08:00:00,10.1,MXMEX-XAL
MXMEX-20151211815,MXMEX-PM10-1993,1,Hum,%,2015-12-11T08:00:00,71,MXMEX-XAL
